,precision,recall,f1-score,support
atraso_15,0.31402101769911506,0.6001585623678647,0.41230936819172115,3784.0
no_retraso_15,0.8881826915970734,0.7078155368396254,0.7878072763028515,16979.0
accuracy,0.6881953474931368,0.6881953474931368,0.6881953474931368,0.6881953474931368
macro avg,0.6011018546480942,0.653987049603745,0.6000583222472864,20763.0
weighted avg,0.7835432958435756,0.6881953474931368,0.71937380887076,20763.0
